,No skill,RUS,RUS(strategy),TL,ENN,ADASYN,SMOTE,SMOTETomek,SMOTEENN,Cost Sensitive Learning
LR,0.7632792207792207,0.11192335726854863,0.7005253518411413,0.7431884057971014,0.7319887955182073,0.0992570361530081,0.12770098982607736,0.12726681689596459,0.11526116054750599,0.12206465507604032
SVM,0.8153643966547193,0.18757387891448446,0.7477884615384616,0.8055628751280925,0.7475949489107384,0.21797610488035088,0.27957412412412413,0.2747006159597446,0.24339391093208113,0.24608596353590792
RF,0.8968590577376846,0.1990493855474527,0.7234891468123175,0.8818657826511963,0.7752989347205143,0.4502735332956046,0.5018565552419695,0.516245894909688,0.39458888199449504,0.8743426943426943
XGBoost,0.8287906537906539,0.1708655922141279,0.6850454801032464,0.8253612128612128,0.7103794876958057,0.5863845649102922,0.5990544662309368,0.5672529709819694,0.4016289513825537,0.7191142191142191
